Designator,X (mm),Y (mm),Rotation,Side
R35,318.471804,188.183774,0.00,Top
C132,298.418504,201.213974,270.00,Top
C131,292.652704,201.213974,270.00,Top
C130,298.418504,196.972174,90.00,Top
C129,293.795704,199.029574,180.00,Top
R32,316.173104,204.109574,180.00,Bottom
C77,311.194704,195.905374,0.00,Top
C75,284.067504,201.315574,270.00,Top
C32,313.963304,202.331574,90.00,Bottom
C25,316.789105,186.780373,270.00,Top
R6,317.366904,187.878974,90.00,Bottom
R14,290.214304,186.989974,0.00,Bottom
J7,278.758396,194.051174,270.00,Top
C19,317.914299,203.603377,270.00,Bottom
C20,317.564313,198.003363,270.00,Bottom
C21,313.961907,189.891365,90.00,Bottom
C22,318.179704,191.358774,90.00,Bottom
C33,301.136304,199.588374,90.00,Top
C79,271.748504,199.461374,90.00,Bottom
C87,281.333118,197.018148,0.00,Bottom
C88,281.339315,197.878370,0.00,Bottom
C89,281.339315,198.753374,0.00,Bottom
C91,287.864296,194.203371,180.00,Top
C94,283.511244,202.867514,180.00,Top
C95,287.810143,203.636982,180.00,Top
C101,274.161504,205.036674,0.00,Bottom
C100,285.914313,193.353385,0.00,Bottom
C105,278.339296,191.028371,0.00,Bottom
C106,276.964318,189.803380,270.00,Bottom
C107,278.339296,192.003375,0.00,Bottom
C111,271.570704,198.115174,180.00,Bottom
C112,271.570704,197.251574,180.00,Bottom
C35,302.457104,199.181974,0.00,Top
C54,291.738304,201.213974,270.00,Top
C43,302.564317,202.803379,0.00,Top
C34,303.764315,199.703385,270.00,Top
C57,299.358304,196.972174,90.00,Top
C65,305.097891,199.720784,270.00,Top
C46,309.035704,199.385174,180.00,Top
C42,307.985135,201.511992,180.00,Top
C59,309.035704,198.127874,0.00,Top
C58,300.323504,196.972174,90.00,Top
C56,300.374304,200.680574,180.00,Bottom
C63,306.464310,199.103361,0.00,Top
C60,301.644304,197.403974,180.00,Top
C62,306.419504,196.133974,180.00,Top
C55,292.170104,197.048374,180.00,Top
C41,301.568104,201.620374,0.00,Top
C45,300.247304,200.451974,90.00,Top
C64,306.470304,199.943974,180.00,Top
C39,302.457104,199.994774,0.00,Top
C61,307.260142,197.236994,0.00,Top
C51,290.544504,200.655174,90.00,Top
C49,290.544504,197.276974,270.00,Top
C103,278.339296,192.978380,0.00,Bottom
C90,289.381184,193.880994,90.00,Top
C118,274.401813,188.990859,270.00,Bottom
C113,272.301792,187.690862,0.00,Bottom
C117,273.601815,188.990859,270.00,Bottom
C85,287.242504,199.969374,0.00,Top
C109,269.741904,190.520574,180.00,Bottom
C114,271.901793,188.990859,90.00,Bottom
C99,286.861504,201.442574,90.00,Top
C102,269.539288,193.053360,0.00,Bottom
C93,289.630104,203.880974,270.00,Top
C116,274.126808,197.728357,90.00,Bottom
C96,286.564299,196.303367,0.00,Top
C115,273.323304,197.734174,90.00,Bottom
C110,269.284704,188.996574,90.00,Bottom
C66,290.849304,189.758574,180.00,Bottom
C76,275.202904,202.331574,90.00,Top
C72,295.664306,195.903367,90.00,Bottom
C69,297.783504,185.973974,90.00,Bottom
C67,300.729904,190.330074,0.00,Top
C74,291.560504,187.345574,90.00,Bottom
C73,290.315904,192.984374,0.00,Bottom
C68,293.668501,195.756759,270.00,Bottom
C30,310.966104,184.348374,90.00,Top
C27,313.404504,186.888374,270.00,Top
C23,315.061905,185.103973,270.00,Top
C28,310.966104,186.126374,270.00,Top
C31,315.925505,185.103973,90.00,Top
C24,316.789105,185.103973,90.00,Top
C26,315.925505,186.780373,90.00,Top
D2,315.563504,189.199774,270.00,Top
D1,314.318904,189.199774,270.00,Top
J3,323.671794,202.403380,270.00,Top
J2,323.671794,189.153368,270.00,Top
L3,317.163704,199.461374,180.00,Bottom
L4,311.194780,194.000450,0.00,Top
L15,270.478580,199.893098,0.00,Bottom
L17,285.296864,203.626974,0.00,Top
L5,302.863428,201.214050,90.00,Top
L13,305.960221,197.686905,270.00,Top
L8,314.141104,200.324974,0.00,Top
R30,275.739301,190.253366,0.00,Bottom
R2,311.511925,189.891365,90.00,Bottom
R33,270.148304,188.996574,270.00,Bottom
R34,271.037304,188.996574,90.00,Bottom
R36,272.764504,188.996574,270.00,Bottom
R27,280.663904,185.237374,90.00,Bottom
R28,290.211764,187.810394,0.00,Bottom
R22,302.783113,189.450980,0.00,Bottom
R15,303.879504,184.526174,90.00,Top
R18,302.101504,193.505074,135.00,Bottom
R17,300.717204,193.759074,135.00,Bottom
R7,312.591704,186.888374,90.00,Top
R8,298.367704,193.797174,0.00,Top
R5,280.359104,191.079374,0.00,Bottom
R9,297.885104,204.820774,270.00,Top
R3,308.172104,184.018174,0.00,Top
R11,283.508704,184.856374,180.00,Top
S1,278.479504,205.569464,180.00,Top
U4,317.519304,193.720974,90.00,Bottom
U23,274.521295,201.835436,180.00,Bottom
U10,295.548304,197.353174,0.00,Top
U15,304.045137,197.012001,0.00,Top
U9,304.935128,201.811992,180.00,Top
U14,298.926504,199.080374,90.00,Top
U13,291.844984,199.052434,90.00,Top
U21,282.164307,194.403370,180.00,Bottom
U22,273.739305,193.653385,90.00,Bottom
U19,288.310142,196.336996,270.00,Top
U18,284.910124,198.936991,180.00,Top
U20,288.310142,201.736985,90.00,Top
U5,318.338505,186.221573,90.00,Top
U6,312.769504,185.135774,180.00,Top
U3,313.963304,186.558174,180.00,Bottom
C1,309.238904,202.280774,180.00,Bottom
C3,307.911906,200.891369,90.00,Bottom
C5,312.617104,201.086974,0.00,Bottom
C7,309.238904,200.451974,0.00,Bottom
C9,306.261922,194.641368,0.00,Bottom
C10,313.011922,189.891365,90.00,Bottom
C11,310.458104,189.656974,270.00,Bottom
C12,316.764314,198.003363,270.00,Bottom
C13,312.561910,188.441381,0.00,Bottom
C14,313.963304,200.629774,270.00,Bottom
C15,315.011918,189.891365,270.00,Bottom
C16,316.011916,187.891369,90.00,Bottom
C17,314.511919,188.391368,0.00,Bottom
L1,313.011922,202.466372,270.00,Bottom
L2,316.011992,189.891441,90.00,Bottom
R1,309.594504,189.656974,270.00,Bottom
U1,311.511925,195.391380,180.00,Bottom
U2,317.265304,201.366374,180.00,Bottom
D3,321.789298,189.728373,270.00,Top
D4,321.928033,202.936373,270.00,Top
C36,311.194704,194.889374,0.00,Top
C37,310.508904,196.895974,180.00,Top
C38,312.210145,196.895974,0.00,Top
C47,315.639704,200.324974,0.00,Top
C48,289.096704,198.038974,180.00,Top
C50,289.122104,199.969374,180.00,Top
C81,283.203904,201.315574,270.00,Top
C82,285.718504,201.518774,90.00,Top
C83,284.905704,201.518774,90.00,Top
U11,311.510121,198.636992,0.00,Top
J1,295.294304,181.173374,180.00,Top
C84,283.210127,197.936993,270.00,Top
C78,287.217104,198.038974,0.00,Top
C119,295.624504,184.856374,180.00,Top
C120,300.729904,189.466474,180.00,Top
R16,275.739301,189.353368,0.00,Bottom
R24,302.783113,190.275972,0.00,Bottom
R23,304.027002,189.881612,90.00,Bottom
R21,304.027002,191.831620,90.00,Bottom
R19,302.776915,191.403376,0.00,Bottom
R20,302.783113,192.225981,0.00,Bottom
R13,300.539404,195.092574,315.00,Bottom
L14,314.649028,187.396298,180.00,Top
C86,282.441904,186.108594,270.00,Bottom
R42,295.637204,198.000874,90.00,Bottom
R43,286.315404,186.062874,270.00,Bottom
R44,285.502604,186.062874,270.00,Bottom
U26,283.955744,187.073794,270.00,Bottom
J6,268.664309,192.653387,90.00,Top
R45,298.697904,204.820774,270.00,Top
R46,298.913804,195.016374,270.00,Top
U27,300.964295,204.403376,0.00,Top
U28,301.136304,194.432174,0.00,Top
D7,319.754504,194.609974,180.00,Top
D8,319.754504,193.238374,180.00,Top
D9,319.754504,196.895974,180.00,Top
D10,319.754504,198.242174,180.00,Top
D11,271.941544,205.387194,270.00,Top
D12,273.165824,205.392274,270.00,Top
R47,321.227704,196.565774,180.00,Bottom
R48,321.227704,195.752974,180.00,Bottom
R49,319.513204,196.578474,180.00,Bottom
R50,319.525904,197.861174,180.00,Bottom
R51,271.951704,203.220574,90.00,Top
R52,273.170904,203.220574,90.00,Top
C121,273.856704,198.445374,270.00,Top
C126,277.057104,196.387974,90.00,Bottom
C125,275.812504,188.056774,270.00,Bottom
C127,304.797917,200.520783,270.00,Bottom
L20,314.649028,186.380298,180.00,Top
L21,270.478580,199.054898,0.00,Bottom
U16,295.700704,191.160654,180.00,Bottom
C70,288.164524,187.439554,90.00,Bottom
C71,289.002724,187.444634,90.00,Bottom
L18,288.484640,189.028578,90.00,Bottom
U25,286.556704,188.539374,90.00,Bottom
U12,295.548304,200.909174,0.00,Top
